DATE,DCOILWTICO
2016-04-19,40.88
2016-04-20,42.72
2016-04-21,43.18
2016-04-22,42.76
2016-04-25,41.67
2016-04-26,42.52
2016-04-27,45.29
2016-04-28,46.03
2016-04-29,45.98
2016-05-02,44.75
2016-05-03,43.65
2016-05-04,43.77
2016-05-05,44.33
2016-05-06,44.58
2016-05-09,43.45
2016-05-10,44.68
2016-05-11,46.21
2016-05-12,46.64
2016-05-13,46.22
2016-05-16,47.72
2016-05-17,48.29
2016-05-18,48.12
2016-05-19,48.16
2016-05-20,47.67
2016-05-23,48.12
2016-05-24,48.04
2016-05-25,49.10
2016-05-26,49.00
2016-05-27,49.36
2016-05-30,.
2016-05-31,49.10
2016-06-01,49.07
2016-06-02,49.14
2016-06-03,48.69
2016-06-06,49.71
2016-06-07,50.37
2016-06-08,51.23
2016-06-09,50.52
2016-06-10,49.09
2016-06-13,48.89
2016-06-14,48.49
2016-06-15,47.92
2016-06-16,46.14
2016-06-17,48.00
2016-06-20,49.40
2016-06-21,48.95
2016-06-22,49.16
2016-06-23,49.34
2016-06-24,46.70
2016-06-27,45.80
2016-06-28,47.93
2016-06-29,49.85
2016-06-30,48.27
2016-07-01,49.02
2016-07-04,.
2016-07-05,46.73
2016-07-06,47.37
2016-07-07,45.22
2016-07-08,45.37
2016-07-11,44.73
2016-07-12,46.82
2016-07-13,44.87
2016-07-14,45.64
2016-07-15,45.93
2016-07-18,45.23
2016-07-19,44.64
2016-07-20,44.96
2016-07-21,43.96
2016-07-22,43.41
2016-07-25,42.40
2016-07-26,42.16
2016-07-27,41.90
2016-07-28,41.13
2016-07-29,41.54
2016-08-01,40.05
2016-08-02,39.50
2016-08-03,40.80
2016-08-04,41.92
2016-08-05,41.83
2016-08-08,43.06
2016-08-09,42.78
2016-08-10,41.75
2016-08-11,43.51
2016-08-12,44.47
2016-08-15,45.72
2016-08-16,46.57
2016-08-17,46.81
2016-08-18,48.20
2016-08-19,48.48
2016-08-22,46.80
2016-08-23,47.54
2016-08-24,46.29
2016-08-25,46.97
2016-08-26,47.64
2016-08-29,46.97
2016-08-30,46.32
2016-08-31,44.68
2016-09-01,43.17
2016-09-02,44.39
2016-09-05,.
2016-09-06,44.85
2016-09-07,45.47
2016-09-08,47.63
2016-09-09,45.88
2016-09-12,46.28
2016-09-13,44.91
2016-09-14,43.62
2016-09-15,43.85
2016-09-16,43.04
2016-09-19,43.34
2016-09-20,43.85
2016-09-21,45.33
2016-09-22,46.10
2016-09-23,44.36
2016-09-26,45.60
2016-09-27,44.65
2016-09-28,47.07
2016-09-29,47.72
2016-09-30,47.72
2016-10-03,48.80
2016-10-04,48.67
2016-10-05,49.75
2016-10-06,50.44
2016-10-07,49.76
2016-10-10,49.76
2016-10-11,50.72
2016-10-12,50.14
2016-10-13,50.47
2016-10-14,50.35
2016-10-17,49.97
2016-10-18,50.30
2016-10-19,51.59
2016-10-20,50.31
2016-10-21,50.61
2016-10-24,50.18
2016-10-25,49.45
2016-10-26,48.75
2016-10-27,49.71
2016-10-28,48.72
2016-10-31,46.83
2016-11-01,46.66
2016-11-02,45.32
2016-11-03,44.66
2016-11-04,44.07
2016-11-07,44.88
2016-11-08,44.96
2016-11-09,45.20
2016-11-10,44.62
2016-11-11,43.39
2016-11-14,43.29
2016-11-15,45.86
2016-11-16,45.56
2016-11-17,45.37
2016-11-18,45.69
2016-11-21,47.48
2016-11-22,48.07
2016-11-23,46.72
2016-11-24,.
2016-11-25,46.72
2016-11-28,45.66
2016-11-29,45.29
2016-11-30,49.41
2016-12-01,51.08
2016-12-02,51.70
2016-12-05,51.72
2016-12-06,50.95
2016-12-07,49.85
2016-12-08,50.84
2016-12-09,51.51
2016-12-12,52.74
2016-12-13,52.99
2016-12-14,51.01
2016-12-15,50.90
2016-12-16,51.93
2016-12-19,52.13
2016-12-20,52.22
2016-12-21,51.44
2016-12-22,51.98
2016-12-23,52.01
2016-12-26,.
2016-12-27,52.82
2016-12-28,54.01
2016-12-29,53.80
2016-12-30,53.75
2017-01-02,.
2017-01-03,52.36
2017-01-04,53.26
2017-01-05,53.77
2017-01-06,53.98
2017-01-09,51.95
2017-01-10,50.82
2017-01-11,52.19
2017-01-12,53.01
2017-01-13,52.36
2017-01-16,.
2017-01-17,52.45
2017-01-18,51.12
2017-01-19,51.39
2017-01-20,52.33
2017-01-23,52.77
2017-01-24,52.38
2017-01-25,52.14
2017-01-26,53.24
2017-01-27,53.18
2017-01-30,52.63
2017-01-31,52.75
2017-02-01,53.90
2017-02-02,53.55
2017-02-03,53.81
2017-02-06,53.01
2017-02-07,52.19
2017-02-08,52.37
2017-02-09,52.99
2017-02-10,53.84
2017-02-13,52.96
2017-02-14,53.21
2017-02-15,53.11
2017-02-16,53.41
2017-02-17,53.41
2017-02-20,.
2017-02-21,54.02
2017-02-22,53.61
2017-02-23,54.48
2017-02-24,53.99
2017-02-27,54.04
2017-02-28,54.00
2017-03-01,53.82
2017-03-02,52.63
2017-03-03,53.33
2017-03-06,53.19
2017-03-07,52.68
2017-03-08,49.83
2017-03-09,48.75
2017-03-10,48.05
2017-03-13,47.95
2017-03-14,47.24
2017-03-15,48.34
2017-03-16,48.30
2017-03-17,48.34
2017-03-20,47.79
2017-03-21,47.02
2017-03-22,47.29
2017-03-23,47.00
2017-03-24,47.30
2017-03-27,47.02
2017-03-28,48.36
2017-03-29,49.47
2017-03-30,50.30
2017-03-31,50.54
2017-04-03,50.25
2017-04-04,50.99
2017-04-05,51.14
2017-04-06,51.69
2017-04-07,52.25
2017-04-10,53.06
2017-04-11,53.38
2017-04-12,53.12
2017-04-13,53.19
2017-04-14,.
2017-04-17,52.62
2017-04-18,52.46
2017-04-19,50.49
2017-04-20,50.26
2017-04-21,49.64
2017-04-24,48.90
2017-04-25,49.22
2017-04-26,49.22
2017-04-27,48.96
2017-04-28,49.31
2017-05-01,48.83
2017-05-02,47.65
2017-05-03,47.79
2017-05-04,45.55
2017-05-05,46.23
2017-05-08,46.46
2017-05-09,45.84
2017-05-10,47.28
2017-05-11,47.81
2017-05-12,47.83
2017-05-15,48.86
2017-05-16,48.64
2017-05-17,49.04
2017-05-18,49.36
2017-05-19,50.32
2017-05-22,50.81
2017-05-23,51.12
2017-05-24,50.99
2017-05-25,48.57
2017-05-26,49.58
2017-05-29,.
2017-05-30,49.63
2017-05-31,48.29
2017-06-01,48.32
2017-06-02,47.68
2017-06-05,47.40
2017-06-06,48.13
2017-06-07,45.80
2017-06-08,45.68
2017-06-09,45.82
2017-06-12,46.10
2017-06-13,46.41
2017-06-14,44.79
2017-06-15,44.47
2017-06-16,44.73
2017-06-19,44.24
2017-06-20,43.34
2017-06-21,42.48
2017-06-22,42.53
2017-06-23,42.86
2017-06-26,43.24
2017-06-27,44.25
2017-06-28,44.74
2017-06-29,44.88
2017-06-30,46.02
2017-07-03,.
2017-07-04,.
2017-07-05,45.11
2017-07-06,45.52
2017-07-07,44.25
2017-07-10,44.40
2017-07-11,45.06
2017-07-12,45.48
2017-07-13,46.06
2017-07-14,46.53
2017-07-17,46.02
2017-07-18,46.40
2017-07-19,47.10
2017-07-20,46.73
2017-07-21,45.78
2017-07-24,46.21
2017-07-25,47.77
2017-07-26,48.58
2017-07-27,49.05
2017-07-28,49.72
2017-07-31,50.21
2017-08-01,49.19
2017-08-02,49.60
2017-08-03,49.03
2017-08-04,49.57
2017-08-07,49.37
2017-08-08,49.07
2017-08-09,49.59
2017-08-10,48.54
2017-08-11,48.81
2017-08-14,47.59
2017-08-15,47.57
2017-08-16,46.80
2017-08-17,47.07
2017-08-18,48.59
2017-08-21,47.39
2017-08-22,47.65
2017-08-23,48.45
2017-08-24,47.24
2017-08-25,47.65
2017-08-28,46.40
2017-08-29,46.46
2017-08-30,45.96
2017-08-31,47.26
2017-09-01,47.32
2017-09-04,.
2017-09-05,48.63
2017-09-06,49.13
2017-09-07,49.10
2017-09-08,47.44
2017-09-11,48.06
2017-09-12,48.21
2017-09-13,49.30
2017-09-14,49.86
2017-09-15,49.90
2017-09-18,49.88
2017-09-19,49.54
2017-09-20,50.29
2017-09-21,50.58
2017-09-22,50.33
2017-09-25,51.85
2017-09-26,51.59
2017-09-27,52.14
2017-09-28,51.62
2017-09-29,51.67
2017-10-02,50.59
2017-10-03,50.44
2017-10-04,50.0
2017-10-05,50.79
2017-10-06,49.34
2017-10-09,49.58
2017-10-10,50.93
2017-10-11,51.3
2017-10-12,50.61
2017-10-13,51.43
2017-10-16,51.86
2017-10-17,51.87
2017-10-18,52.05
2017-10-19,51.29
2017-10-20,51.63
2017-10-23,51.91
2017-10-24,52.32
2017-10-25,51.97
2017-10-26,52.41
2017-10-27,53.92
2017-10-30,54.11
2017-10-31,54.36
2017-11-01,54.32
2017-11-02,54.55
2017-11-03,55.63
2017-11-06,57.34
2017-11-07,57.19
2017-11-08,56.82
2017-11-09,57.16
2017-11-10,56.75
2017-11-13,56.77
2017-11-14,55.67
2017-11-15,55.28
2017-11-16,55.14
2017-11-17,56.21
2017-11-20,56.21
2017-11-21,56.84
2017-11-22,57.88
2017-11-23,.
2017-11-24,58.94
2017-11-27,58.1
2017-11-28,57.96
2017-11-29,57.25
2017-11-30,57.4
2017-12-01,58.35
2017-12-04,57.48
2017-12-05,57.66
2017-12-06,55.79
2017-12-07,56.5
2017-12-08,57.15
2017-12-11,57.84
2017-12-12,57.12
2017-12-13,56.59
2017-12-14,57.0
2017-12-15,57.29
2017-12-18,57.17
2017-12-19,57.49
2017-12-20,58.09
2017-12-21,58.34
2017-12-22,58.25
2017-12-25,.
2017-12-26,59.55
2017-12-27,59.67
2017-12-28,59.84
2017-12-29,60.46
2018-01-01,.
2018-01-02,60.37
2018-01-03,61.61
2018-01-04,61.98
2018-01-05,61.49
2018-01-08,61.73
2018-01-09,62.92
2018-01-10,63.6
2018-01-11,63.81
2018-01-12,64.22
2018-01-15,.
2018-01-16,63.82
2018-01-17,63.92
2018-01-18,63.96
2018-01-19,63.38
2018-01-22,63.66
2018-01-23,64.45
2018-01-24,65.69
2018-01-25,65.62
2018-01-26,66.27
2018-01-29,65.71
2018-01-30,64.64
2018-01-31,64.82
2018-02-01,65.92
2018-02-02,65.5
2018-02-05,64.18
2018-02-06,63.48
2018-02-07,61.91
2018-02-08,61.3
2018-02-09,59.2
2018-02-12,59.41
2018-02-13,59.33
2018-02-14,60.7
2018-02-15,61.48
2018-02-16,61.89
2018-02-19,.
2018-02-20,61.91
2018-02-21,61.73
2018-02-22,62.72
2018-02-23,63.52
2018-02-26,63.81
2018-02-27,62.94
2018-02-28,61.43
2018-03-01,60.98
2018-03-02,61.19
2018-03-05,62.49
2018-03-06,62.54
2018-03-07,61.09
2018-03-08,60.13
2018-03-09,62.02
2018-03-12,61.35
2018-03-13,60.69
2018-03-14,60.89
2018-03-15,61.16
2018-03-16,62.29
2018-03-19,62.01
2018-03-20,63.37
2018-03-21,65.1
2018-03-22,64.25
2018-03-23,65.8
2018-03-26,65.49
2018-03-27,65.21
2018-03-28,64.3
2018-03-29,64.87
2018-03-30,.
2018-04-02,63.05
2018-04-03,63.41
2018-04-04,63.35
2018-04-05,63.53
2018-04-06,62.03
2018-04-09,63.4
2018-04-10,65.48
2018-04-11,66.81
2018-04-12,67.07
2018-04-13,67.35
2018-04-16,66.23
2018-04-17,66.5
2018-04-18,68.44
2018-04-19,68.3
2018-04-20,68.26
2018-04-23,67.61
2018-04-24,67.66
2018-04-25,68.0
2018-04-26,68.18
2018-04-27,68.11
2018-04-30,68.56
2018-05-01,67.28
2018-05-02,67.91
2018-05-03,68.45
2018-05-04,69.71
2018-05-07,70.74
2018-05-08,68.83
2018-05-09,71.16
2018-05-10,71.36
2018-05-11,70.69
2018-05-14,71.01
2018-05-15,71.34
2018-05-16,71.43
2018-05-17,71.47
2018-05-18,71.23
2018-05-21,72.26
2018-05-22,72.09
2018-05-23,71.85
2018-05-24,70.77
2018-05-25,67.92
2018-05-28,.
2018-05-29,66.8
2018-05-30,68.24
2018-05-31,66.98
2018-06-01,65.81
2018-06-04,64.76
2018-06-05,65.51
2018-06-06,64.75
2018-06-07,65.96
2018-06-08,65.77
2018-06-11,66.1
2018-06-12,66.38
2018-06-13,66.63
2018-06-14,66.91
2018-06-15,65.01
2018-06-18,65.91
2018-06-19,65.09
2018-06-20,65.92
2018-06-21,65.68
2018-06-22,69.02
2018-06-25,69.91
2018-06-26,75.23
2018-06-27,77.41
2018-06-28,73.45
2018-06-29,74.13
2018-07-02,73.89
2018-07-03,74.19
2018-07-04,.
2018-07-05,73.05
2018-07-06,73.78
2018-07-09,73.93
2018-07-10,74.11
2018-07-11,70.47
2018-07-12,70.28
2018-07-13,71.03
2018-07-16,68.22
2018-07-17,68.03
2018-07-18,68.78
2018-07-19,69.42
2018-07-20,70.31
2018-07-23,67.9
2018-07-24,70.77
2018-07-25,71.13
2018-07-26,71.59
2018-07-27,68.66
2018-07-30,71.19
2018-07-31,69.88
2018-08-01,68.8
2018-08-02,68.95
2018-08-03,68.49
2018-08-06,69.01
2018-08-07,69.17
2018-08-08,66.92
2018-08-09,66.81
2018-08-10,67.61
2018-08-13,67.25
2018-08-14,67.04
2018-08-15,65.07
2018-08-16,65.44
2018-08-17,65.93
2018-08-20,66.5
2018-08-21,67.32
2018-08-22,67.85
2018-08-23,69.13
2018-08-24,69.71
2018-08-27,69.97
2018-08-28,68.54
2018-08-29,69.68
2018-08-30,70.25
2018-08-31,69.84
2018-09-03,.
2018-09-04,69.82
2018-09-05,68.69
2018-09-06,67.81
2018-09-07,67.73
2018-09-10,67.55
2018-09-11,69.29
2018-09-12,70.37
2018-09-13,68.6
2018-09-14,68.98
2018-09-17,68.86
2018-09-18,69.87
2018-09-19,71.08
2018-09-20,70.77
2018-09-21,70.8
2018-09-24,73.23
2018-09-25,73.4
2018-09-26,72.22
2018-09-27,72.18
2018-09-28,73.16
2018-10-01,75.37
2018-10-02,75.16
2018-10-03,76.4
2018-10-04,74.44
2018-10-05,74.26
2018-10-08,74.27
2018-10-09,74.95
2018-10-10,73.18
2018-10-11,70.97
2018-10-12,71.41
2018-10-15,71.84
2018-10-16,71.93
2018-10-17,69.63
2018-10-18,68.63
2018-10-19,69.16
2018-10-22,69.25
2018-10-23,66.49
2018-10-24,66.56
2018-10-25,67.25
2018-10-26,67.58
2018-10-29,67.0
2018-10-30,66.18
2018-10-31,65.31
2018-11-01,63.67
2018-11-02,63.12
2018-11-05,63.12
2018-11-06,62.16
2018-11-07,61.69
2018-11-08,60.71
2018-11-09,60.19
2018-11-12,59.85
2018-11-13,55.63
2018-11-14,56.16
2018-11-15,56.45
2018-11-16,56.49
2018-11-19,57.16
2018-11-20,53.39
2018-11-21,54.41
2018-11-22,.
2018-11-23,.
2018-11-26,51.46
2018-11-27,51.31
2018-11-28,50.06
2018-11-29,51.46
2018-11-30,50.78
2018-12-03,52.98
2018-12-04,53.21
2018-12-05,52.64
2018-12-06,51.54
2018-12-07,52.76
2018-12-10,51.07
2018-12-11,51.65
2018-12-12,51.04
2018-12-13,52.69
2018-12-14,51.26
2018-12-17,49.8
2018-12-18,46.12
2018-12-19,47.96
2018-12-20,45.64
2018-12-21,45.38
2018-12-24,.
2018-12-25,.
2018-12-26,46.04
2018-12-27,44.48
2018-12-28,45.15
2018-12-31,.
2019-01-01,.
2019-01-02,46.31
2019-01-03,46.92
2019-01-04,47.76
2019-01-07,48.27
2019-01-08,49.58
2019-01-09,52.19
2019-01-10,52.42
2019-01-11,51.44
2019-01-14,50.31
2019-01-15,51.8
2019-01-16,52.08
2019-01-17,51.83
2019-01-18,53.6
2019-01-21,.
2019-01-22,52.59
2019-01-23,52.44
2019-01-24,52.94
2019-01-25,53.53
2019-01-28,51.79
2019-01-29,53.07
2019-01-30,54.18
2019-01-31,53.84
2019-02-01,55.29
2019-02-04,54.57
2019-02-05,53.69
2019-02-06,53.94
2019-02-07,52.68
2019-02-08,52.75
2019-02-11,52.43
2019-02-12,53.14
2019-02-13,53.84
2019-02-14,54.4
2019-02-15,55.58
2019-02-18,.
2019-02-19,56.12
2019-02-20,56.9
2019-02-21,56.95
2019-02-22,57.01
2019-02-25,55.32
2019-02-26,55.4
2019-02-27,56.92
2019-02-28,57.21
2019-03-01,55.76
2019-03-04,56.6
2019-03-05,56.55
2019-03-06,56.22
2019-03-07,56.6
2019-03-08,55.77
2019-03-11,56.79
2019-03-12,56.89
2019-03-13,58.27
2019-03-14,58.59
2019-03-15,58.51
2019-03-18,59.09
2019-03-19,59.12
2019-03-20,60.12
2019-03-21,59.98
2019-03-22,58.87
2019-03-25,58.71
2019-03-26,59.87
2019-03-27,59.39
2019-03-28,59.29
2019-03-29,60.19
2019-04-01,61.59
2019-04-02,62.53
2019-04-03,62.46
2019-04-04,62.12
2019-04-05,63.1
2019-04-08,64.37
2019-04-09,64.05
2019-04-10,64.62
2019-04-11,63.61
2019-04-12,63.86
2019-04-15,63.43
2019-04-16,64.01
2019-04-17,63.74
2019-04-18,64.02
2019-04-19,.
2019-04-22,65.66
2019-04-23,66.24
2019-04-24,65.96
2019-04-25,65.23
2019-04-26,63.29
2019-04-29,63.39
2019-04-30,63.83
2019-05-01,63.55
2019-05-02,61.75
2019-05-03,61.98
2019-05-06,62.3
2019-05-07,61.41
2019-05-08,62.13
2019-05-09,61.58
2019-05-10,61.65
2019-05-13,60.97
2019-05-14,61.82
2019-05-15,62.03
2019-05-16,62.93
2019-05-17,62.77
2019-05-20,63.12
2019-05-21,63.02
2019-05-22,61.42
2019-05-23,57.65
2019-05-24,58.4
2019-05-27,.
2019-05-28,58.91
2019-05-29,58.84
2019-05-30,56.47
2019-05-31,53.49
2019-06-03,53.25
2019-06-04,53.5
2019-06-05,51.57
2019-06-06,52.59
2019-06-07,53.95
2019-06-10,53.33
2019-06-11,53.3
2019-06-12,51.13
2019-06-13,52.38
2019-06-14,52.47
2019-06-17,51.94
2019-06-18,53.86
2019-06-19,53.74
2019-06-20,56.88
2019-06-21,57.35
2019-06-24,57.73
2019-06-25,57.63
2019-06-26,59.17
2019-06-27,59.18
2019-06-28,58.2
2019-07-01,58.91
2019-07-02,56.0
2019-07-03,57.06
2019-07-04,.
2019-07-05,.
2019-07-08,57.35
2019-07-09,57.57
2019-07-10,60.28
2019-07-11,59.93
2019-07-12,59.99
2019-07-15,59.3
2019-07-16,57.44
2019-07-17,56.5
2019-07-18,55.08
2019-07-19,55.42
2019-07-22,55.87
2019-07-23,56.58
2019-07-24,55.9
2019-07-25,55.88
2019-07-26,56.04
2019-07-29,56.85
2019-07-30,58.04
2019-07-31,58.53
2019-08-01,53.64
2019-08-02,55.67
2019-08-05,54.63
2019-08-06,53.6
2019-08-07,51.14
2019-08-08,52.6
2019-08-09,54.41
2019-08-12,54.98
2019-08-13,57.05
2019-08-14,55.16
2019-08-15,54.51
2019-08-16,54.83
2019-08-19,56.24
2019-08-20,56.18
2019-08-21,55.65
2019-08-22,55.33
2019-08-23,54.08
2019-08-26,53.54
2019-08-27,54.99
2019-08-28,55.76
2019-08-29,56.67
2019-08-30,55.07
2019-09-02,.
2019-09-03,53.91
2019-09-04,56.22
2019-09-05,56.33
2019-09-06,56.45
2019-09-09,57.88
2019-09-10,57.37
2019-09-11,55.66
2019-09-12,55.13
2019-09-13,54.76
2019-09-16,63.1
2019-09-17,59.26
2019-09-18,58.19
2019-09-19,58.19
2019-09-20,57.92
2019-09-23,58.69
2019-09-24,57.22
2019-09-25,56.38
2019-09-26,56.24
2019-09-27,55.95
2019-09-30,54.09
2019-10-01,53.6
2019-10-02,52.67
2019-10-03,52.41
2019-10-04,52.84
2019-10-07,52.76
2019-10-08,52.64
2019-10-09,52.63
2019-10-10,53.57
2019-10-11,54.76
2019-10-14,53.57
2019-10-15,52.81
2019-10-16,53.42
2019-10-17,53.89
2019-10-18,53.75
2019-10-21,53.28
2019-10-22,54.21
2019-10-23,55.9
2019-10-24,56.11
2019-10-25,56.52
2019-10-28,55.6
2019-10-29,55.34
2019-10-30,54.85
2019-10-31,54.02
2019-11-01,56.04
2019-11-04,56.33
2019-11-05,57.04
2019-11-06,56.15
2019-11-07,56.91
2019-11-08,57.02
2019-11-11,.
2019-11-12,56.67
2019-11-13,56.88
2019-11-14,56.57
2019-11-15,57.54
2019-11-18,56.82
2019-11-19,54.93
2019-11-20,56.71
2019-11-21,58.36
2019-11-22,57.68
2019-11-25,57.79
2019-11-26,58.25
2019-11-27,58.12
2019-11-28,.
2019-11-29,58.12
2019-12-02,55.97
2019-12-03,56.15
2019-12-04,58.46
2019-12-05,58.42
2019-12-06,59.2
2019-12-09,58.99
2019-12-10,59.22
2019-12-11,58.74
2019-12-12,59.18
2019-12-13,60.11
2019-12-16,60.21
2019-12-17,60.88
2019-12-18,60.93
2019-12-19,61.3
2019-12-20,60.43
2019-12-23,60.51
2019-12-24,61.17
2019-12-25,.
2019-12-26,61.72
2019-12-27,61.76
2019-12-30,61.66
2019-12-31,61.14
2020-01-01,.
2020-01-02,61.17
2020-01-03,63.0
2020-01-06,63.27
2020-01-07,62.7
2020-01-08,59.65
2020-01-09,59.56
2020-01-10,59.02
2020-01-13,58.17
2020-01-14,58.34
2020-01-15,57.86
2020-01-16,58.52
2020-01-17,58.55
2020-01-20,.
2020-01-21,58.25
2020-01-22,56.76
2020-01-23,55.51
2020-01-24,54.09
2020-01-27,53.09
2020-01-28,53.33
2020-01-29,53.29
2020-01-30,52.19
2020-01-31,51.58
2020-02-03,50.06
2020-02-04,49.59
2020-02-05,50.87
2020-02-06,50.94
2020-02-07,50.34
2020-02-10,49.59
2020-02-11,50.0
2020-02-12,51.13
2020-02-13,51.41
2020-02-14,52.03
2020-02-17,.
2020-02-18,52.1
2020-02-19,53.31
2020-02-20,53.77
2020-02-21,53.36
2020-02-24,51.36
2020-02-25,49.78
2020-02-26,48.67
2020-02-27,47.17
2020-02-28,44.83
2020-03-02,46.78
2020-03-03,47.27
2020-03-04,46.78
2020-03-05,45.9
2020-03-06,41.14
2020-03-09,31.05
2020-03-10,34.47
2020-03-11,33.13
2020-03-12,31.56
2020-03-13,31.72
2020-03-16,28.96
2020-03-17,26.96
2020-03-18,20.48
2020-03-19,25.09
2020-03-20,19.48
2020-03-23,23.33
2020-03-24,21.03
2020-03-25,20.75
2020-03-26,16.6
2020-03-27,15.48
2020-03-30,14.1
2020-03-31,20.51
2020-04-01,20.28
2020-04-02,25.18
2020-04-03,28.36
2020-04-06,26.21
2020-04-07,23.54
2020-04-08,24.97
2020-04-09,22.9
2020-04-10,.
2020-04-13,22.36
2020-04-14,20.15
2020-04-15,19.96
2020-04-16,19.82
2020-04-17,18.31
2020-04-20,-36.98
2020-04-21,8.91
2020-04-22,13.64
2020-04-23,15.06
2020-04-24,15.99
2020-04-27,12.17
2020-04-28,12.4
2020-04-29,15.04
2020-04-30,19.23
2020-05-01,19.72
2020-05-04,20.47
2020-05-05,24.56
2020-05-06,23.88
2020-05-07,23.68
2020-05-08,24.73
2020-05-11,24.02
2020-05-12,25.76
2020-05-13,25.37
2020-05-14,27.4
2020-05-15,29.44
2020-05-18,31.83
2020-05-19,32.3
2020-05-20,33.56
2020-05-21,34.3
2020-05-22,33.49
2020-05-25,.
2020-05-26,34.7
2020-05-27,32.8
2020-05-28,33.67
2020-05-29,35.57
2020-06-01,35.49
2020-06-02,36.88
2020-06-03,37.33
2020-06-04,37.42
2020-06-05,39.49
2020-06-08,38.17
2020-06-09,38.98
2020-06-10,39.54
2020-06-11,36.43
2020-06-12,36.24
2020-06-15,37.07
2020-06-16,38.26
2020-06-17,37.91
2020-06-18,38.79
2020-06-19,39.72
2020-06-22,40.6
2020-06-23,40.4
2020-06-24,37.91
2020-06-25,38.66
2020-06-26,38.53
2020-06-29,39.67
2020-06-30,39.27
2020-07-01,39.88
2020-07-02,40.57
2020-07-03,.
2020-07-06,40.51
2020-07-07,40.59
2020-07-08,40.91
2020-07-09,39.64
2020-07-10,40.56
2020-07-13,40.06
2020-07-14,40.3
2020-07-15,41.2
2020-07-16,40.74
2020-07-17,40.55
2020-07-20,40.83
2020-07-21,41.76
2020-07-22,41.88
2020-07-23,40.99
2020-07-24,41.23
2020-07-27,41.46
2020-07-28,40.89
2020-07-29,41.13
2020-07-30,39.85
2020-07-31,40.1
2020-08-03,40.83
2020-08-04,41.67
2020-08-05,42.25
2020-08-06,41.93
2020-08-07,41.16
2020-08-10,41.94
2020-08-11,41.53
2020-08-12,42.6
2020-08-13,42.26
2020-08-14,42.05
2020-08-17,42.89
2020-08-18,42.89
2020-08-19,42.91
2020-08-20,42.62
2020-08-21,42.32
2020-08-24,42.44
2020-08-25,43.17
2020-08-26,43.21
2020-08-27,42.88
2020-08-28,42.96
2020-08-31,42.61
2020-09-01,42.76
2020-09-02,42.76
2020-09-03,41.39
2020-09-04,39.69
2020-09-07,.
2020-09-08,36.87
2020-09-09,38.05
2020-09-10,37.25
2020-09-11,37.33
2020-09-14,37.23
2020-09-15,38.29
2020-09-16,40.17
2020-09-17,40.99
2020-09-18,41.09
2020-09-21,39.26
2020-09-22,39.55
2020-09-23,39.92
2020-09-24,40.11
2020-09-25,40.06
2020-09-28,40.47
2020-09-29,39.03
2020-09-30,40.05
2020-10-01,38.51
2020-10-02,36.9
2020-10-05,39.12
2020-10-06,40.52
2020-10-07,39.82
2020-10-08,41.04
2020-10-09,40.44
2020-10-12,39.22
2020-10-13,40.03
2020-10-14,40.86
2020-10-15,40.84
2020-10-16,40.7
2020-10-19,40.69
2020-10-20,41.37
2020-10-21,39.88
2020-10-22,40.46
2020-10-23,39.73
2020-10-26,38.39
2020-10-27,39.34
2020-10-28,37.27
2020-10-29,35.94
2020-10-30,35.64
2020-11-02,36.6
2020-11-03,37.44
2020-11-04,38.97
2020-11-05,38.56
2020-11-06,36.97
2020-11-09,40.05
2020-11-10,41.18
2020-11-11,41.23
2020-11-12,40.9
2020-11-13,39.93
2020-11-16,41.14
2020-11-17,41.24
2020-11-18,41.64
2020-11-19,41.57
2020-11-20,41.99
2020-11-23,42.91
2020-11-24,44.71
2020-11-25,45.58
2020-11-26,.
2020-11-27,.
2020-11-30,45.2
2020-12-01,44.54
2020-12-02,45.23
2020-12-03,45.65
2020-12-04,46.23
2020-12-07,45.72
2020-12-08,45.64
2020-12-09,45.48
2020-12-10,46.76
2020-12-11,46.59
2020-12-14,47.02
2020-12-15,47.58
2020-12-16,47.86
2020-12-17,48.34
2020-12-18,49.04
2020-12-21,47.79
2020-12-22,47.02
2020-12-23,47.94
2020-12-24,48.18
2020-12-25,.
2020-12-28,47.5
2020-12-29,47.85
2020-12-30,48.24
2020-12-31,48.35
2021-01-01,.
2021-01-04,47.47
2021-01-05,49.78
2021-01-06,50.45
2021-01-07,50.63
2021-01-08,52.14
2021-01-11,52.15
2021-01-12,53.08
2021-01-13,52.81
2021-01-14,53.47
2021-01-15,52.25
2021-01-18,.
2021-01-19,52.87
2021-01-20,53.16
2021-01-21,53.0
2021-01-22,52.28
2021-01-25,52.78
2021-01-26,52.61
2021-01-27,52.81
2021-01-28,52.26
2021-01-29,52.16
2021-02-01,53.55
2021-02-02,54.77
2021-02-03,55.67
2021-02-04,56.19
2021-02-05,56.8
2021-02-08,57.95
2021-02-09,58.34
2021-02-10,58.69
2021-02-11,58.22
2021-02-12,59.5
2021-02-15,.
2021-02-16,60.07
2021-02-17,61.09
2021-02-18,60.4
2021-02-19,59.12
2021-02-22,61.67
2021-02-23,61.66
2021-02-24,63.21
2021-02-25,63.43
2021-02-26,61.55
2021-03-01,60.54
2021-03-02,59.7
2021-03-03,61.33
2021-03-04,63.81
2021-03-05,66.08
2021-03-08,65.03
2021-03-09,64.02
2021-03-10,64.45
2021-03-11,66.02
2021-03-12,65.59
2021-03-15,65.36
2021-03-16,64.82
2021-03-17,64.55
2021-03-18,59.95
2021-03-19,61.43
2021-03-22,61.48
2021-03-23,57.75
2021-03-24,61.12
2021-03-25,58.47
2021-03-26,60.93
2021-03-29,61.49
2021-03-30,60.55
2021-03-31,59.19
2021-04-01,61.41
2021-04-02,.
2021-04-05,58.73
2021-04-06,59.34
2021-04-07,59.77
2021-04-08,59.61
2021-04-09,59.29
2021-04-12,59.7
2021-04-13,60.2
2021-04-14,63.15
2021-04-15,63.42
2021-04-16,63.16
2021-04-19,63.33
